Brand,ITEM_DSCR,2018,2019,PctChg
BRAND 1,PRODUCT 1,4497,4005,-0.109406271
BRAND 1,PRODUCT 2,5840,4879,-0.164554795
BRAND 1,PRODUCT 3,9772,8698,-0.109905853
BRAND 1,PRODUCT 4,4355,4763,0.093685419
BRAND 2,PRODUCT 5,707,1,-0.998585573
BRAND 2,PRODUCT 6,1086,2,-0.998158379
BRAND 2,PRODUCT 7,2308,1,-0.999566724
BRAND 2,PRODUCT 8,1192,1,-0.999161074
BRAND 2,PRODUCT 9,7716,7539,-0.022939347
BRAND 2,PRODUCT 10,5100,7003,0.373137255
BRAND 2,PRODUCT 11,8447,8193,-0.030069847
BRAND 2,PRODUCT 12,10338,11077,0.071483846
BRAND 3,PRODUCT 13,754,3,-0.99602122
BRAND 3,PRODUCT 14,851,9,-0.989424207
BRAND 3,PRODUCT 15,1082,7,-0.993530499
BRAND 3,PRODUCT 16,882,3,-0.996598639
BRAND 3,PRODUCT 17,817,4,-0.995104039
BRAND 3,PRODUCT 18,1412,2,-0.998583569
BRAND 4,PRODUCT 19,35,1,-0.971428571
BRAND 4,PRODUCT 20,65,0,-1
BRAND 4,PRODUCT 21,30,0,-1
BRAND 5,PRODUCT 22,1601,3542,1.21236727
BRAND 5,PRODUCT 23,211,251,0.18957346
BRAND 5,PRODUCT 24,39,1,-0.974358974
BRAND 5,PRODUCT 25,900,2161,1.401111111
BRAND 5,PRODUCT 26,635,35,-0.94488189
BRAND 5,PRODUCT 27,249,1082,3.345381526
BRAND 5,PRODUCT 28,4364,4039,-0.074472961
BRAND 5,PRODUCT 29,1876,3020,0.609808102
BRAND 5,PRODUCT 30,2121,2773,0.307402169
BRAND 5,PRODUCT 31,5117,7995,0.562438929
BRAND 5,PRODUCT 32,3188,4171,0.308343789
BRAND 5,PRODUCT 33,414,738,0.782608696
BRAND 5,PRODUCT 34,30,1661,54.36666667
BRAND 5,PRODUCT 35,89,3,-0.966292135
BRAND 5,PRODUCT 36,0,2258,#DIV/0!
BRAND 5,PRODUCT 37,0,1869,#DIV/0!
BRAND 5,PRODUCT 38,1120,3415,2.049107143
BRAND 5,PRODUCT 39,1362,75,-0.944933921
BRAND 5,PRODUCT 40,1373,1407,0.024763292
BRAND 5,PRODUCT 41,44,0,-1
BRAND 6,PRODUCT 42,1723,1843,0.069645966
BRAND 6,PRODUCT 43,11015,9428,-0.14407626
BRAND 6,PRODUCT 44,6,10,0.666666667
BRAND 6,PRODUCT 45,49,29,-0.408163265
BRAND 6,PRODUCT 46,4045,3885,-0.039555006
BRAND 6,PRODUCT 47,4566,5356,0.173017959
BRAND 6,PRODUCT 48,9,1,-0.888888889
BRAND 6,PRODUCT 49,18,13,-0.277777778
BRAND 6,PRODUCT 50,54,0,-1
BRAND 6,PRODUCT 51,42,0,-1
BRAND 7,PRODUCT 52,0,1029,#DIV/0!
BRAND 7,PRODUCT 53,7871,6937,-0.118663448
BRAND 7,PRODUCT 54,8804,7157,-0.187074057
BRAND 7,PRODUCT 55,6999,7026,0.003857694
BRAND 7,PRODUCT 56,6428,6046,-0.059427505
BRAND 7,PRODUCT 57,8336,8229,-0.012835893
BRAND 7,PRODUCT 58,15343,11436,-0.254643812
BRAND 7,PRODUCT 59,7323,1,-0.999863444
BRAND 7,PRODUCT 60,6272,6331,0.009406888
BRAND 7,PRODUCT 61,19733,17503,-0.113008666
BRAND 7,PRODUCT 62,9545,5479,-0.42598219
BRAND 7,PRODUCT 63,40964,34558,-0.156381213
BRAND 7,PRODUCT 64,13993,12240,-0.125276924
BRAND 7,PRODUCT 65,5484,1,-0.999817651
BRAND 7,PRODUCT 66,0,2159,#DIV/0!
BRAND 7,PRODUCT 67,0,2899,#DIV/0!
BRAND 7,PRODUCT 68,0,1780,#DIV/0!
BRAND 7,PRODUCT 69,0,1609,#DIV/0!
BRAND 7,PRODUCT 70,0,405,#DIV/0!
BRAND 7,PRODUCT 71,0,783,#DIV/0!
BRAND 7,PRODUCT 72,0,1359,#DIV/0!
BRAND 7,PRODUCT 73,0,3153,#DIV/0!
BRAND 7,PRODUCT 74,0,1973,#DIV/0!
BRAND 7,PRODUCT 75,0,3949,#DIV/0!
BRAND 7,PRODUCT 76,0,7037,#DIV/0!
BRAND 7,PRODUCT 77,0,1787,#DIV/0!
BRAND 7,PRODUCT 78,0,2229,#DIV/0!
BRAND 7,PRODUCT 79,0,5718,#DIV/0!
BRAND 7,PRODUCT 80,0,3064,#DIV/0!
BRAND 7,PRODUCT 81,9098,7299,-0.197735766
BRAND 7,PRODUCT 82,6981,5788,-0.170892422
BRAND 7,PRODUCT 83,2910,2022,-0.305154639
BRAND 7,PRODUCT 84,3703,2211,-0.402916554
BRAND 7,PRODUCT 85,4223,2524,-0.402320625
BRAND 7,PRODUCT 86,6714,5426,-0.191837951
BRAND 7,PRODUCT 87,7028,6646,-0.054354013
BRAND 7,PRODUCT 88,6292,6843,0.087571519
BRAND 7,PRODUCT 89,5938,2,-0.999663186
BRAND 7,PRODUCT 90,6655,9562,0.436814425
BRAND 7,PRODUCT 91,4491,5443,0.211979515
BRAND 7,PRODUCT 92,8217,12428,0.512474139
BRAND 7,PRODUCT 93,6080,8114,0.334539474
BRAND 7,PRODUCT 94,0,15,#DIV/0!
BRAND 7,PRODUCT 95,151,177,0.17218543
BRAND 7,PRODUCT 96,22,16,-0.272727273
BRAND 7,PRODUCT 97,0,2,#DIV/0!
BRAND 7,PRODUCT 98,3982,0,-1
BRAND 7,PRODUCT 99,3370,0,-1
BRAND 7,PRODUCT 100,4581,0,-1
BRAND 7,PRODUCT 101,3,0,-1
BRAND 7,PRODUCT 102,8124,0,-1
BRAND 7,PRODUCT 103,4930,0,-1
BRAND 7,PRODUCT 104,10,0,-1
BRAND 7,PRODUCT 105,2768,0,-1
BRAND 8,PRODUCT 106,1312,1096,-0.164634146
BRAND 8,PRODUCT 107,1917,1935,0.009389671
BRAND 8,PRODUCT 108,668,1,-0.998502994
BRAND 8,PRODUCT 109,1775,1962,0.105352113
BRAND 8,PRODUCT 110,2211,1752,-0.207598372
BRAND 8,PRODUCT 111,1327,1514,0.140919367
BRAND 8,PRODUCT 112,3143,2922,-0.070314986
BRAND 8,PRODUCT 113,1449,2306,0.591442374
BRAND 8,PRODUCT 114,1231,1185,-0.037367994
BRAND 8,PRODUCT 115,1635,1437,-0.121100917
BRAND 8,PRODUCT 116,897,0,-1
BRAND 9,PRODUCT 117,393,220,-0.440203562
BRAND 9,PRODUCT 118,6,3,-0.5
BRAND 9,PRODUCT 119,88,73,-0.170454545
BRAND 9,PRODUCT 120,58,29,-0.5
BRAND 9,PRODUCT 121,25,20,-0.2
BRAND 9,PRODUCT 122,329,146,-0.556231003
BRAND 9,PRODUCT 123,150,85,-0.433333333
BRAND 9,PRODUCT 124,7,0,-1
BRAND 10,PRODUCT 125,300,92,-0.693333333
BRAND 10,PRODUCT 126,0,926,#DIV/0!
BRAND 10,PRODUCT 127,0,1076,#DIV/0!
BRAND 10,PRODUCT 128,1059,1061,0.001888574
BRAND 10,PRODUCT 129,2170,3370,0.552995392
BRAND 10,PRODUCT 130,3020,3135,0.03807947
BRAND 10,PRODUCT 131,1789,2128,0.189491336
BRAND 10,PRODUCT 132,1027,1783,0.736124635
BRAND 10,PRODUCT 133,2938,3106,0.057181756
BRAND 10,PRODUCT 134,0,1598,#DIV/0!
BRAND 10,PRODUCT 135,0,806,#DIV/0!
BRAND 10,PRODUCT 136,994,710,-0.285714286
BRAND 10,PRODUCT 137,1927,2096,0.08770109
BRAND 10,PRODUCT 138,3107,3646,0.17347924
BRAND 10,PRODUCT 139,1603,25,-0.984404242
BRAND 10,PRODUCT 140,2319,2189,-0.056058646
BRAND 10,PRODUCT 141,2536,3230,0.273659306
BRAND 10,PRODUCT 142,3303,4776,0.44595822
BRAND 10,PRODUCT 143,4420,5340,0.208144796
BRAND 10,PRODUCT 144,3397,3600,0.059758611
BRAND 10,PRODUCT 145,2216,3188,0.438628159
BRAND 10,PRODUCT 146,2385,3259,0.366457023
BRAND 10,PRODUCT 147,1310,1784,0.361832061
BRAND 10,PRODUCT 148,0,796,#DIV/0!
BRAND 10,PRODUCT 149,0,1481,#DIV/0!
BRAND 10,PRODUCT 150,0,1055,#DIV/0!
BRAND 10,PRODUCT 151,0,6564,#DIV/0!
BRAND 10,PRODUCT 152,0,5533,#DIV/0!
BRAND 10,PRODUCT 153,0,3914,#DIV/0!
BRAND 10,PRODUCT 154,0,3449,#DIV/0!
BRAND 10,PRODUCT 155,0,830,#DIV/0!
BRAND 10,PRODUCT 156,0,4180,#DIV/0!
BRAND 10,PRODUCT 157,0,4983,#DIV/0!
BRAND 10,PRODUCT 158,0,3850,#DIV/0!
BRAND 10,PRODUCT 159,0,4130,#DIV/0!
BRAND 10,PRODUCT 160,31090,33211,0.068221293
BRAND 10,PRODUCT 161,3017,3043,0.008617832
BRAND 10,PRODUCT 162,7050,8894,0.261560284
BRAND 10,PRODUCT 163,4138,4550,0.099565007
BRAND 10,PRODUCT 164,4766,6551,0.374527906
BRAND 10,PRODUCT 165,5487,6867,0.251503554
BRAND 10,PRODUCT 166,3536,4473,0.264988688
BRAND 10,PRODUCT 167,3958,4523,0.142748863
BRAND 10,PRODUCT 168,42831,49701,0.160397843
BRAND 10,PRODUCT 169,49536,55934,0.129158592
BRAND 10,PRODUCT 170,10002,6490,-0.351129774
BRAND 10,PRODUCT 171,1904,2020,0.06092437
BRAND 10,PRODUCT 172,5064,8371,0.653041074
BRAND 10,PRODUCT 173,3461,6647,0.920543196
BRAND 10,PRODUCT 174,1938,1989,0.026315789
BRAND 10,PRODUCT 175,13543,9036,-0.332791848
BRAND 10,PRODUCT 176,6611,4886,-0.260928755
BRAND 10,PRODUCT 177,17144,11845,-0.309087727
BRAND 10,PRODUCT 178,21353,20765,-0.027537114
BRAND 10,PRODUCT 179,8724,7242,-0.169876204
BRAND 10,PRODUCT 180,13460,10301,-0.234695394
BRAND 10,PRODUCT 181,22792,21247,-0.067786943
BRAND 10,PRODUCT 182,3150,4671,0.482857143
BRAND 10,PRODUCT 183,34706,34692,-0.000403388
BRAND 10,PRODUCT 184,5070,3,-0.999408284
BRAND 10,PRODUCT 185,11371,8715,-0.233576642
BRAND 10,PRODUCT 186,13336,10457,-0.215881824
BRAND 10,PRODUCT 187,8220,9027,0.098175182
BRAND 10,PRODUCT 188,14108,13662,-0.031613269
BRAND 10,PRODUCT 189,12182,8312,-0.317681826
BRAND 10,PRODUCT 190,8151,5087,-0.375904797
BRAND 10,PRODUCT 191,2818,24,-0.991483322
BRAND 10,PRODUCT 192,9970,8759,-0.121464393
BRAND 10,PRODUCT 193,18204,18187,-0.000933861
BRAND 10,PRODUCT 194,11114,8813,-0.207036171
BRAND 10,PRODUCT 195,31100,39609,0.273601286
BRAND 10,PRODUCT 196,203,1,-0.995073892
BRAND 10,PRODUCT 197,479,2,-0.995824635
BRAND 10,PRODUCT 198,390,1,-0.997435897
BRAND 10,PRODUCT 199,198,5,-0.974747475
BRAND 10,PRODUCT 200,161,1,-0.99378882
BRAND 10,PRODUCT 201,239,4,-0.983263598
BRAND 10,PRODUCT 202,3682,2769,-0.247963064
BRAND 10,PRODUCT 203,9627,12436,0.291783526
BRAND 10,PRODUCT 204,5595,4756,-0.149955317
BRAND 10,PRODUCT 205,4170,4514,0.082494005
BRAND 10,PRODUCT 206,3247,2829,-0.128734216
BRAND 10,PRODUCT 207,2449,1671,-0.317680686
BRAND 10,PRODUCT 208,6309,5395,-0.144872405
BRAND 10,PRODUCT 209,3025,2357,-0.220826446
BRAND 10,PRODUCT 210,5361,4612,-0.13971274
BRAND 10,PRODUCT 211,2253,1690,-0.249889037
BRAND 10,PRODUCT 212,4135,2977,-0.280048368
BRAND 10,PRODUCT 213,2944,2286,-0.223505435
BRAND 10,PRODUCT 214,2721,2968,0.09077545
BRAND 10,PRODUCT 215,2299,1945,-0.153979991
BRAND 10,PRODUCT 216,3978,3160,-0.20563097
BRAND 10,PRODUCT 217,3501,2490,-0.288774636
BRAND 10,PRODUCT 218,5037,3655,-0.274369664
BRAND 10,PRODUCT 219,5,1,-0.8
BRAND 10,PRODUCT 220,6037,5455,-0.096405499
BRAND 10,PRODUCT 221,9682,7442,-0.231357158
BRAND 10,PRODUCT 222,694,1,-0.998559078
BRAND 10,PRODUCT 223,1765,1429,-0.190368272
BRAND 10,PRODUCT 224,2293,1928,-0.159180113
BRAND 10,PRODUCT 225,1567,1314,-0.16145501
BRAND 10,PRODUCT 226,1496,1605,0.072860963
BRAND 10,PRODUCT 227,2210,1757,-0.204977376
BRAND 10,PRODUCT 228,1928,1932,0.002074689
BRAND 10,PRODUCT 229,12402,7758,-0.374455733
BRAND 10,PRODUCT 230,10929,7751,-0.290785982
BRAND 10,PRODUCT 231,13528,10094,-0.253843879
BRAND 10,PRODUCT 232,32858,31541,-0.040081563
BRAND 10,PRODUCT 233,9826,7899,-0.196112355
BRAND 10,PRODUCT 234,9360,8091,-0.135576923
BRAND 10,PRODUCT 235,11807,9225,-0.218683832
BRAND 10,PRODUCT 236,8630,6474,-0.249826188
BRAND 10,PRODUCT 237,11449,8857,-0.226395318
BRAND 10,PRODUCT 238,9184,6167,-0.328506098
BRAND 10,PRODUCT 239,12723,11052,-0.131336949
BRAND 10,PRODUCT 240,10257,7562,-0.262747392
BRAND 10,PRODUCT 241,9022,5725,-0.365440035
BRAND 10,PRODUCT 242,16083,13765,-0.144127339
BRAND 10,PRODUCT 243,12739,9627,-0.244289191
BRAND 10,PRODUCT 244,12795,8601,-0.327784291
BRAND 10,PRODUCT 245,5233,7288,0.392700172
BRAND 10,PRODUCT 246,1862,2413,0.295918367
BRAND 10,PRODUCT 247,16479,8292,-0.496814127
BRAND 10,PRODUCT 248,1407,1188,-0.15565032
BRAND 10,PRODUCT 249,4249,4784,0.125911979
BRAND 10,PRODUCT 250,15032,12916,-0.140766365
BRAND 10,PRODUCT 251,4937,4660,-0.056106948
BRAND 10,PRODUCT 252,14946,12156,-0.186672019
BRAND 10,PRODUCT 253,9633,7709,-0.199730094
BRAND 10,PRODUCT 254,23387,19905,-0.148886133
BRAND 10,PRODUCT 255,31577,35025,0.1091934
BRAND 10,PRODUCT 256,21121,22042,0.04360589
BRAND 10,PRODUCT 257,19258,23431,0.216689168
BRAND 10,PRODUCT 258,70564,73552,0.042344538
BRAND 10,PRODUCT 259,58952,65745,0.115229339
BRAND 10,PRODUCT 260,47895,51456,0.074350141
BRAND 10,PRODUCT 261,2,0,-1
BRAND 10,PRODUCT 262,5,0,-1
BRAND 10,PRODUCT 263,2,0,-1
BRAND 10,PRODUCT 264,1,0,-1
BRAND 10,PRODUCT 265,3204,0,-1
BRAND 10,PRODUCT 266,925,0,-1
BRAND 10,PRODUCT 267,447,0,-1
BRAND 10,PRODUCT 268,2692,0,-1
BRAND 11,PRODUCT 269,430,1263,1.937209302
BRAND 11,PRODUCT 270,834,517,-0.380095923
BRAND 11,PRODUCT 271,744,538,-0.27688172
BRAND 11,PRODUCT 272,379,387,0.021108179
BRAND 11,PRODUCT 273,730,625,-0.143835616
BRAND 11,PRODUCT 274,2,0,-1
BRAND 12,PRODUCT 275,2760,8868,2.213043478
BRAND 12,PRODUCT 276,72720,51350,-0.293866887
BRAND 12,PRODUCT 277,14728,1779,-0.879209669
BRAND 13,PRODUCT 278,0,225,#DIV/0!
BRAND 13,PRODUCT 279,0,1374,#DIV/0!
BRAND 13,PRODUCT 280,5881,5471,-0.069716035
BRAND 13,PRODUCT 281,133,402,2.022556391
BRAND 13,PRODUCT 282,13,25,0.923076923
BRAND 13,PRODUCT 283,184,175,-0.048913043
BRAND 14,PRODUCT 284,88,83,-0.056818182
BRAND 14,PRODUCT 285,15,33,1.2
BRAND 14,PRODUCT 286,46,52,0.130434783
BRAND 15,PRODUCT 287,8017,4654,-0.419483597
BRAND 15,PRODUCT 288,4080,1962,-0.519117647
BRAND 15,PRODUCT 289,5481,3852,-0.297208539
BRAND 15,PRODUCT 290,5907,2682,-0.545962417
BRAND 16,PRODUCT 291,4097,4616,0.126678057
BRAND 16,PRODUCT 292,1033,1666,0.612778316
BRAND 16,PRODUCT 293,0,2103,#DIV/0!
BRAND 16,PRODUCT 294,5160,5429,0.052131783
BRAND 16,PRODUCT 295,0,1743,#DIV/0!
BRAND 16,PRODUCT 296,1561,1816,0.163356823
BRAND 16,PRODUCT 297,0,2469,#DIV/0!
BRAND 16,PRODUCT 298,0,1086,#DIV/0!
BRAND 16,PRODUCT 299,0,2609,#DIV/0!
BRAND 16,PRODUCT 300,0,2670,#DIV/0!
BRAND 16,PRODUCT 301,0,2662,#DIV/0!
BRAND 16,PRODUCT 302,0,2269,#DIV/0!
BRAND 16,PRODUCT 303,0,2285,#DIV/0!
BRAND 16,PRODUCT 304,0,1388,#DIV/0!
BRAND 16,PRODUCT 305,1886,1976,0.047720042
BRAND 16,PRODUCT 306,6689,5762,-0.138585738
BRAND 16,PRODUCT 307,8358,7074,-0.153625269
BRAND 16,PRODUCT 308,4301,482,-0.887933039
BRAND 16,PRODUCT 309,4296,4358,0.01443203
BRAND 16,PRODUCT 310,768,1,-0.998697917
BRAND 16,PRODUCT 311,3798,3730,-0.01790416
BRAND 16,PRODUCT 312,4029,3619,-0.101762224
BRAND 16,PRODUCT 313,4248,6043,0.422551789
BRAND 16,PRODUCT 314,4598,3387,-0.263375381
BRAND 16,PRODUCT 315,36825,30525,-0.17107943
BRAND 16,PRODUCT 316,8412,4753,-0.434973847
BRAND 16,PRODUCT 317,62880,49050,-0.219942748
BRAND 16,PRODUCT 318,6553,4129,-0.369906913
BRAND 16,PRODUCT 319,9681,5117,-0.471438901
BRAND 16,PRODUCT 320,2303,2607,0.132001737
BRAND 16,PRODUCT 321,4939,4962,0.004656813
BRAND 16,PRODUCT 322,8041,7073,-0.120383037
BRAND 16,PRODUCT 323,5247,6486,0.236134934
BRAND 16,PRODUCT 324,6235,5669,-0.090777867
BRAND 16,PRODUCT 325,7788,7139,-0.083333333
BRAND 16,PRODUCT 326,9371,7071,-0.245438054
BRAND 16,PRODUCT 327,8156,7486,-0.082148112
BRAND 16,PRODUCT 328,12210,7362,-0.397051597
BRAND 16,PRODUCT 329,14215,10282,-0.276679564
BRAND 16,PRODUCT 330,49057,39932,-0.186008113
BRAND 16,PRODUCT 331,58683,46115,-0.214167647
BRAND 16,PRODUCT 332,14542,10327,-0.289850089
BRAND 16,PRODUCT 333,19,0,-1
BRAND 16,PRODUCT 334,3,0,-1
BRAND 17,PRODUCT 335,523,565,0.080305927
BRAND 17,PRODUCT 336,1951,2071,0.06150692
BRAND 17,PRODUCT 337,1800,1715,-0.047222222
BRAND 17,PRODUCT 338,603,592,-0.018242123
BRAND 17,PRODUCT 339,1182,1026,-0.131979695
BRAND 18,PRODUCT 340,5,0,-1
BRAND 18,PRODUCT 341,24,0,-1
BRAND 19,PRODUCT 342,22,40,0.818181818
BRAND 19,PRODUCT 343,9,12,0.333333333
BRAND 19,PRODUCT 344,1990,1590,-0.201005025
BRAND 19,PRODUCT 345,3187,3879,0.217132099
BRAND 19,PRODUCT 346,120,0,-1
BRAND 20,PRODUCT 347,464,1260,1.715517241
BRAND 20,PRODUCT 348,0,906,#DIV/0!
BRAND 20,PRODUCT 349,987,1110,0.124620061
BRAND 20,PRODUCT 350,9,9,0
BRAND 20,PRODUCT 351,6,5,-0.166666667
BRAND 20,PRODUCT 352,11,11,0
BRAND 20,PRODUCT 353,526,653,0.241444867
BRAND 20,PRODUCT 354,410,48,-0.882926829
BRAND 21,PRODUCT 355,11591,8038,-0.306530929
BRAND 21,PRODUCT 356,7305,4734,-0.351950719
BRAND 21,PRODUCT 357,4575,4378,-0.043060109
BRAND 21,PRODUCT 358,3473,3021,-0.130146847
BRAND 21,PRODUCT 359,5103,4215,-0.174015285
BRAND 21,PRODUCT 360,4601,3523,-0.234296892
BRAND 21,PRODUCT 361,184,229,0.244565217
BRAND 21,PRODUCT 362,620,568,-0.083870968
BRAND 21,PRODUCT 363,1348,1198,-0.111275964
BRAND 21,PRODUCT 364,3570,2739,-0.232773109
BRAND 21,PRODUCT 365,5058,3675,-0.273428233
BRAND 21,PRODUCT 366,3059,2436,-0.203661327
BRAND 21,PRODUCT 367,5832,4851,-0.168209877
BRAND 21,PRODUCT 368,5295,2724,-0.485552408
BRAND 21,PRODUCT 369,0,766,#DIV/0!
BRAND 21,PRODUCT 370,0,871,#DIV/0!
BRAND 21,PRODUCT 371,0,774,#DIV/0!
BRAND 21,PRODUCT 372,0,333,#DIV/0!
BRAND 21,PRODUCT 373,0,714,#DIV/0!
BRAND 21,PRODUCT 374,0,497,#DIV/0!
BRAND 21,PRODUCT 375,0,313,#DIV/0!
BRAND 21,PRODUCT 376,0,381,#DIV/0!
BRAND 21,PRODUCT 377,0,1076,#DIV/0!
BRAND 21,PRODUCT 378,3904,2782,-0.287397541
BRAND 21,PRODUCT 379,0,806,#DIV/0!
BRAND 21,PRODUCT 380,450,6,-0.986666667
BRAND 21,PRODUCT 381,837,945,0.129032258
BRAND 21,PRODUCT 382,1165,1176,0.00944206
BRAND 21,PRODUCT 383,683,76,-0.888726208
BRAND 21,PRODUCT 384,1327,1090,-0.178598342
BRAND 21,PRODUCT 385,1253,885,-0.293695132
BRAND 21,PRODUCT 386,1778,1222,-0.312710911
BRAND 21,PRODUCT 387,2418,1609,-0.334574028
BRAND 21,PRODUCT 388,528,77,-0.854166667
BRAND 21,PRODUCT 389,925,865,-0.064864865
BRAND 21,PRODUCT 390,580,642,0.106896552
BRAND 21,PRODUCT 391,3100,1350,-0.564516129
BRAND 21,PRODUCT 392,11881,6881,-0.420839997
BRAND 21,PRODUCT 393,5195,4197,-0.192107796
BRAND 21,PRODUCT 394,3197,2808,-0.121676572
BRAND 21,PRODUCT 395,22860,14658,-0.358792651
BRAND 21,PRODUCT 396,4683,2888,-0.383301303
BRAND 21,PRODUCT 397,8774,6148,-0.299293367
BRAND 21,PRODUCT 398,12055,7946,-0.340854417
BRAND 21,PRODUCT 399,1736,1508,-0.131336406
BRAND 21,PRODUCT 400,16030,9360,-0.416094822
BRAND 21,PRODUCT 401,1773,1567,-0.116187253
BRAND 21,PRODUCT 402,3798,2856,-0.248025276
BRAND 21,PRODUCT 403,4028,2787,-0.308093347
BRAND 21,PRODUCT 404,109,0,-1
BRAND 21,PRODUCT 405,239,0,-1
BRAND 21,PRODUCT 406,396,0,-1
BRAND 21,PRODUCT 407,477,0,-1
BRAND 21,PRODUCT 408,512,0,-1
BRAND 21,PRODUCT 409,637,0,-1
BRAND 21,PRODUCT 410,9,0,-1
BRAND 21,PRODUCT 411,29,0,-1
BRAND 22,PRODUCT 412,2,4,1
BRAND 22,PRODUCT 413,11,14,0.272727273
BRAND 22,PRODUCT 414,4790,5,-0.998956159
BRAND 22,PRODUCT 415,2141,2308,0.078000934
BRAND 22,PRODUCT 416,2715,3939,0.450828729
BRAND 22,PRODUCT 417,3954,4779,0.208649469
BRAND 22,PRODUCT 418,0,514,#DIV/0!
BRAND 22,PRODUCT 419,0,1538,#DIV/0!
BRAND 22,PRODUCT 420,190,209,0.1
BRAND 22,PRODUCT 421,156,118,-0.243589744
BRAND 22,PRODUCT 422,5,0,-1
BRAND 22,PRODUCT 423,9,0,-1
BRAND 22,PRODUCT 424,2378,0,-1
BRAND 23,PRODUCT 425,3866,1510,-0.609415416
BRAND 23,PRODUCT 426,3600,3545,-0.015277778
BRAND 23,PRODUCT 427,12993,12401,-0.045562995
BRAND 24,PRODUCT 428,0,705,#DIV/0!
BRAND 24,PRODUCT 429,0,701,#DIV/0!
BRAND 24,PRODUCT 430,126,188,0.492063492
BRAND 24,PRODUCT 431,1125,1302,0.157333333
BRAND 24,PRODUCT 432,917,1058,0.153762268
BRAND 24,PRODUCT 433,636,916,0.440251572
BRAND 24,PRODUCT 434,647,936,0.446676971
BRAND 24,PRODUCT 435,583,1044,0.790737564
BRAND 24,PRODUCT 436,0,1501,#DIV/0!
BRAND 24,PRODUCT 437,610,509,-0.16557377
BRAND 24,PRODUCT 438,685,622,-0.091970803
BRAND 24,PRODUCT 439,839,715,-0.147794994
BRAND 24,PRODUCT 440,1168,1575,0.348458904
BRAND 24,PRODUCT 441,688,1149,0.67005814
BRAND 24,PRODUCT 442,0,1142,#DIV/0!
BRAND 24,PRODUCT 443,862,1401,0.625290023
BRAND 24,PRODUCT 444,891,1693,0.900112233
BRAND 24,PRODUCT 445,1311,1810,0.380625477
BRAND 24,PRODUCT 446,1247,2047,0.641539695
BRAND 24,PRODUCT 447,936,1724,0.841880342
BRAND 24,PRODUCT 448,870,1611,0.851724138
BRAND 24,PRODUCT 449,0,1466,#DIV/0!
BRAND 24,PRODUCT 450,0,1053,#DIV/0!
BRAND 24,PRODUCT 451,0,737,#DIV/0!
BRAND 25,PRODUCT 452,0,27,#DIV/0!
BRAND 25,PRODUCT 453,0,7,#DIV/0!
BRAND 25,PRODUCT 454,0,58,#DIV/0!
BRAND 26,PRODUCT 455,7556,7343,-0.028189518
BRAND 26,PRODUCT 456,54,46,-0.148148148
BRAND 26,PRODUCT 457,6879,6961,0.011920337
BRAND 27,PRODUCT 458,1830,1820,-0.005464481
BRAND 27,PRODUCT 459,1065,1103,0.035680751
BRAND 27,PRODUCT 460,2136,2106,-0.014044944
BRAND 27,PRODUCT 461,874,1005,0.149885584
BRAND 27,PRODUCT 462,698,836,0.197707736
BRAND 27,PRODUCT 463,69,25,-0.637681159
BRAND 27,PRODUCT 464,703,634,-0.098150782
BRAND 27,PRODUCT 465,779,959,0.231065469
BRAND 27,PRODUCT 466,103,3,-0.970873786
BRAND 27,PRODUCT 467,0,213,#DIV/0!
BRAND 27,PRODUCT 468,0,1,#DIV/0!
BRAND 27,PRODUCT 469,202,645,2.193069307
BRAND 27,PRODUCT 470,260,1,-0.996153846
BRAND 27,PRODUCT 471,35,13,-0.628571429
BRAND 27,PRODUCT 472,872,642,-0.263761468
BRAND 27,PRODUCT 473,70,1,-0.985714286
BRAND 27,PRODUCT 474,0,216,#DIV/0!
BRAND 27,PRODUCT 475,6,11,0.833333333
BRAND 27,PRODUCT 476,1226,1196,-0.024469821
BRAND 27,PRODUCT 477,1908,2093,0.096960168
BRAND 27,PRODUCT 478,61,7,-0.885245902
BRAND 27,PRODUCT 479,0,646,#DIV/0!
BRAND 27,PRODUCT 480,1363,1013,-0.2567865
BRAND 27,PRODUCT 481,1064,748,-0.296992481
BRAND 27,PRODUCT 482,0,276,#DIV/0!
BRAND 27,PRODUCT 483,0,501,#DIV/0!
BRAND 27,PRODUCT 484,9,5,-0.444444444
BRAND 27,PRODUCT 485,13,7,-0.461538462
BRAND 27,PRODUCT 486,562,0,-1
BRAND 27,PRODUCT 487,3,0,-1
BRAND 27,PRODUCT 488,208,0,-1
BRAND 27,PRODUCT 489,884,0,-1
BRAND 27,PRODUCT 490,394,0,-1
BRAND 27,PRODUCT 491,572,0,-1
BRAND 27,PRODUCT 492,437,0,-1
BRAND 28,PRODUCT 493,1771,2156,0.217391304
BRAND 28,PRODUCT 494,1491,1656,0.110663984
BRAND 28,PRODUCT 495,1089,851,-0.218549128
BRAND 28,PRODUCT 496,117,721,5.162393162
BRAND 28,PRODUCT 497,624,1435,1.299679487
BRAND 28,PRODUCT 498,966,17,-0.982401656
BRAND 28,PRODUCT 499,1022,1041,0.018590998
BRAND 28,PRODUCT 500,1285,1927,0.499610895
BRAND 28,PRODUCT 501,1910,2434,0.27434555
BRAND 28,PRODUCT 502,816,6,-0.992647059
BRAND 28,PRODUCT 503,2924,4235,0.448358413
BRAND 28,PRODUCT 504,1668,1396,-0.163069544
BRAND 28,PRODUCT 505,515,3404,5.609708738
BRAND 28,PRODUCT 506,236,663,1.809322034
BRAND 28,PRODUCT 507,2796,3552,0.270386266
BRAND 28,PRODUCT 508,2,0,-1
BRAND 28,PRODUCT 509,174,0,-1
BRAND 29,PRODUCT 510,471,10,-0.978768577
BRAND 29,PRODUCT 511,36,39,0.083333333
BRAND 29,PRODUCT 512,440,542,0.231818182
BRAND 29,PRODUCT 513,378,15,-0.96031746
BRAND 29,PRODUCT 514,331,11,-0.966767372
BRAND 29,PRODUCT 515,670,8,-0.988059701
BRAND 29,PRODUCT 516,791,643,-0.18710493
BRAND 29,PRODUCT 517,484,374,-0.227272727
BRAND 29,PRODUCT 518,519,392,-0.244701349
BRAND 29,PRODUCT 519,562,612,0.088967972
BRAND 29,PRODUCT 520,1364,1444,0.058651026
BRAND 29,PRODUCT 521,489,600,0.226993865
BRAND 29,PRODUCT 522,27,10,-0.62962963
BRAND 29,PRODUCT 523,952,1063,0.116596639
BRAND 29,PRODUCT 524,795,533,-0.329559748
BRAND 29,PRODUCT 525,783,866,0.106002554
BRAND 29,PRODUCT 526,595,601,0.010084034
BRAND 29,PRODUCT 527,1403,1577,0.124019957
BRAND 29,PRODUCT 528,1173,834,-0.289002558
BRAND 29,PRODUCT 529,188,56,-0.70212766
BRAND 29,PRODUCT 530,323,4,-0.987616099
BRAND 29,PRODUCT 531,702,728,0.037037037
BRAND 29,PRODUCT 532,4,2,-0.5
BRAND 29,PRODUCT 533,376,284,-0.244680851
BRAND 29,PRODUCT 534,15,9,-0.4
BRAND 29,PRODUCT 535,552,522,-0.054347826
BRAND 29,PRODUCT 536,697,716,0.027259684
BRAND 29,PRODUCT 537,1237,1134,-0.083265966
BRAND 29,PRODUCT 538,706,578,-0.181303116
BRAND 29,PRODUCT 539,521,516,-0.009596929
BRAND 29,PRODUCT 540,604,728,0.205298013
BRAND 29,PRODUCT 541,519,347,-0.331406551
BRAND 29,PRODUCT 542,7,0,-1
BRAND 29,PRODUCT 543,107,0,-1
BRAND 30,PRODUCT 544,12,5,-0.583333333
BRAND 30,PRODUCT 545,2656,2291,-0.137424699
BRAND 31,PRODUCT 546,2014,2690,0.335650447
BRAND 31,PRODUCT 547,5450,4518,-0.171009174
BRAND 31,PRODUCT 548,7010,5802,-0.17232525
BRAND 31,PRODUCT 549,6674,5603,-0.160473479
BRAND 31,PRODUCT 550,4534,3714,-0.180855757
BRAND 31,PRODUCT 551,0,2256,#DIV/0!
BRAND 31,PRODUCT 552,3447,3282,-0.047867711
BRAND 31,PRODUCT 553,1961,2696,0.374808771
BRAND 31,PRODUCT 554,3019,2367,-0.215965552
BRAND 31,PRODUCT 555,0,1077,#DIV/0!
BRAND 31,PRODUCT 556,0,1904,#DIV/0!
BRAND 31,PRODUCT 557,2308,2270,-0.016464471
BRAND 31,PRODUCT 558,1412,959,-0.32082153
BRAND 31,PRODUCT 559,0,2212,#DIV/0!
BRAND 31,PRODUCT 560,2,2037,1017.5
BRAND 31,PRODUCT 561,1,3308,3307
BRAND 31,PRODUCT 562,4139,2700,-0.347668519
BRAND 31,PRODUCT 563,2,2865,1431.5
BRAND 31,PRODUCT 564,1,2418,2417
BRAND 31,PRODUCT 565,2,1483,740.5
BRAND 31,PRODUCT 566,2924,1831,-0.37380301
BRAND 31,PRODUCT 567,2,1826,912
BRAND 31,PRODUCT 568,0,3249,#DIV/0!
BRAND 31,PRODUCT 569,5131,3024,-0.410641201
BRAND 31,PRODUCT 570,3390,2147,-0.366666667
BRAND 31,PRODUCT 571,0,1044,#DIV/0!
BRAND 31,PRODUCT 572,0,811,#DIV/0!
BRAND 31,PRODUCT 573,6543,5420,-0.171633807
BRAND 31,PRODUCT 574,5794,4987,-0.139282016
BRAND 31,PRODUCT 575,1969,2384,0.210766887
BRAND 31,PRODUCT 576,7045,6346,-0.099219304
BRAND 31,PRODUCT 577,6272,5780,-0.078443878
BRAND 31,PRODUCT 578,8456,7224,-0.145695364
BRAND 31,PRODUCT 579,0,1632,#DIV/0!
BRAND 31,PRODUCT 580,4223,0,-1
BRAND 31,PRODUCT 581,5343,1,-0.999812839
BRAND 31,PRODUCT 582,2130,0,-1
BRAND 32,PRODUCT 583,88,12,-0.863636364
BRAND 32,PRODUCT 584,0,925,#DIV/0!
BRAND 32,PRODUCT 585,6348,6586,0.037492124
BRAND 32,PRODUCT 586,0,6438,#DIV/0!
BRAND 32,PRODUCT 587,0,1099,#DIV/0!
BRAND 32,PRODUCT 588,0,2319,#DIV/0!
BRAND 32,PRODUCT 589,4042,5107,0.263483424
BRAND 32,PRODUCT 590,525,397,-0.243809524
BRAND 32,PRODUCT 591,632,269,-0.574367089
BRAND 32,PRODUCT 592,0,17,#DIV/0!
BRAND 32,PRODUCT 593,714,0,-1
BRAND 32,PRODUCT 594,8397,0,-1
BRAND 32,PRODUCT 595,1967,0,-1
BRAND 33,PRODUCT 596,9056,9497,0.048696996
BRAND 33,PRODUCT 597,2941,3341,0.13600816
BRAND 33,PRODUCT 598,3850,3582,-0.06961039
BRAND 33,PRODUCT 599,8290,8638,0.041978287
BRAND 33,PRODUCT 600,5362,5573,0.039350988
BRAND 33,PRODUCT 601,3882,3281,-0.154817105
BRAND 33,PRODUCT 602,3665,3372,-0.07994543
BRAND 33,PRODUCT 603,7281,8842,0.214393627
BRAND 33,PRODUCT 604,3095,3760,0.214862682
BRAND 33,PRODUCT 605,1655,1547,-0.065256798
BRAND 33,PRODUCT 606,6783,6330,-0.066784609
BRAND 33,PRODUCT 607,1806,3,-0.99833887
BRAND 33,PRODUCT 608,2072,1308,-0.368725869
BRAND 33,PRODUCT 609,2868,2173,-0.242329149
BRAND 33,PRODUCT 610,1624,0,-1
BRAND 33,PRODUCT 611,1083,0,-1
BRAND 33,PRODUCT 612,1383,0,-1
BRAND 34,PRODUCT 613,22,13,-0.409090909
BRAND 34,PRODUCT 614,0,44,#DIV/0!
BRAND 34,PRODUCT 615,0,128,#DIV/0!
BRAND 34,PRODUCT 616,26368,21274,-0.193188714
BRAND 34,PRODUCT 617,14130,12390,-0.123142251
BRAND 34,PRODUCT 618,16762,13672,-0.184345543
BRAND 34,PRODUCT 619,2,3,0.5
BRAND 34,PRODUCT 620,9238,5557,-0.398462871
BRAND 34,PRODUCT 621,3296,6001,0.820691748
BRAND 34,PRODUCT 622,102345,86862,-0.151282427
BRAND 34,PRODUCT 623,9794,8147,-0.168164182
BRAND 34,PRODUCT 624,11987,6134,-0.488278969
BRAND 34,PRODUCT 625,18070,13962,-0.227338129
BRAND 34,PRODUCT 626,9900,7834,-0.208686869
BRAND 34,PRODUCT 627,12715,9815,-0.228077074
BRAND 34,PRODUCT 628,25636,14649,-0.428577001
BRAND 34,PRODUCT 629,13285,9126,-0.313059842
BRAND 34,PRODUCT 630,18675,9728,-0.479089692
BRAND 34,PRODUCT 631,20350,16818,-0.173562654
BRAND 34,PRODUCT 632,16834,16011,-0.048889153
BRAND 34,PRODUCT 633,8171,7837,-0.04087627
BRAND 34,PRODUCT 634,116424,104051,-0.106275338
BRAND 34,PRODUCT 635,15950,14778,-0.073479624
BRAND 34,PRODUCT 636,6654,7358,0.105801022
BRAND 34,PRODUCT 637,15265,9766,-0.360235834
BRAND 34,PRODUCT 638,23532,20092,-0.14618392
BRAND 34,PRODUCT 639,16181,7902,-0.511649465
BRAND 34,PRODUCT 640,17419,9538,-0.452436994
BRAND 34,PRODUCT 641,19712,10445,-0.470119724
BRAND 34,PRODUCT 642,64,0,-1
BRAND 34,PRODUCT 643,3,0,-1
BRAND 35,PRODUCT 644,18,12,-0.333333333
BRAND 36,PRODUCT 645,255,66,-0.741176471
BRAND 37,PRODUCT 646,8,0,-1
BRAND 37,PRODUCT 647,6,0,-1
BRAND 37,PRODUCT 648,354,0,-1
BRAND 38,PRODUCT 649,4732,4237,-0.104606932
BRAND 38,PRODUCT 650,3980,3196,-0.196984925
BRAND 38,PRODUCT 651,4628,3721,-0.195980985
BRAND 38,PRODUCT 652,6118,4151,-0.321510297
BRAND 38,PRODUCT 653,5,0,-1
BRAND 39,PRODUCT 654,4359,4629,0.061940812
BRAND 39,PRODUCT 655,4283,4411,0.029885594
BRAND 39,PRODUCT 656,7402,8011,0.082275061
BRAND 39,PRODUCT 657,5055,5074,0.003758655
BRAND 39,PRODUCT 658,3303,3264,-0.011807448
BRAND 39,PRODUCT 659,2856,3095,0.083683473
BRAND 39,PRODUCT 660,9427,9518,0.009653124
BRAND 39,PRODUCT 661,3701,3820,0.032153472
BRAND 39,PRODUCT 662,8,0,-1
BRAND 40,PRODUCT 663,2630,2071,-0.212547529
BRAND 40,PRODUCT 664,2294,2192,-0.044463819
BRAND 40,PRODUCT 665,10002,9109,-0.089282144
BRAND 40,PRODUCT 666,5566,4947,-0.111210923
BRAND 40,PRODUCT 667,1931,0,-1
BRAND 41,PRODUCT 668,66,145,1.196969697
BRAND 41,PRODUCT 669,3225,3137,-0.027286822
BRAND 42,PRODUCT 670,23952,22472,-0.061790247
BRAND 42,PRODUCT 671,4411,4224,-0.042394015
BRAND 42,PRODUCT 672,1806,1983,0.098006645
BRAND 42,PRODUCT 673,5270,4545,-0.137571157
BRAND 42,PRODUCT 674,1462,1550,0.060191518
BRAND 42,PRODUCT 675,2144,1311,-0.388526119
BRAND 43,PRODUCT 676,0,7216,#DIV/0!
BRAND 43,PRODUCT 677,0,834,#DIV/0!
BRAND 43,PRODUCT 678,0,3579,#DIV/0!
BRAND 43,PRODUCT 679,0,5906,#DIV/0!
BRAND 43,PRODUCT 680,0,5410,#DIV/0!
BRAND 43,PRODUCT 681,2738,2693,-0.016435354
BRAND 43,PRODUCT 682,2913,2247,-0.228630278
BRAND 43,PRODUCT 683,4267,3585,-0.159831263
BRAND 43,PRODUCT 684,0,5083,#DIV/0!
BRAND 43,PRODUCT 685,0,5118,#DIV/0!
BRAND 43,PRODUCT 686,0,444,#DIV/0!
BRAND 43,PRODUCT 687,0,6817,#DIV/0!
BRAND 43,PRODUCT 688,0,9879,#DIV/0!
BRAND 43,PRODUCT 689,179,1,-0.994413408
BRAND 43,PRODUCT 690,0,7204,#DIV/0!
BRAND 43,PRODUCT 691,0,12108,#DIV/0!
BRAND 43,PRODUCT 692,16809,5734,-0.658873223
BRAND 43,PRODUCT 693,0,5651,#DIV/0!
BRAND 43,PRODUCT 694,3689,3201,-0.132285172
BRAND 43,PRODUCT 695,0,25920,#DIV/0!
BRAND 43,PRODUCT 696,37025,18159,-0.509547603
BRAND 43,PRODUCT 697,0,9056,#DIV/0!
BRAND 43,PRODUCT 698,11328,4401,-0.611493644
BRAND 43,PRODUCT 699,3260,2932,-0.100613497
BRAND 43,PRODUCT 700,0,1162,#DIV/0!
BRAND 43,PRODUCT 701,0,10077,#DIV/0!
BRAND 43,PRODUCT 702,0,1599,#DIV/0!
BRAND 43,PRODUCT 703,1577,1533,-0.027901078
BRAND 43,PRODUCT 704,1196,1118,-0.065217391
BRAND 43,PRODUCT 705,1496,1281,-0.143716578
BRAND 43,PRODUCT 706,795,543,-0.316981132
BRAND 43,PRODUCT 707,777,600,-0.227799228
BRAND 43,PRODUCT 708,0,2024,#DIV/0!
BRAND 43,PRODUCT 709,0,1422,#DIV/0!
BRAND 43,PRODUCT 710,0,1910,#DIV/0!
BRAND 43,PRODUCT 711,0,1314,#DIV/0!
BRAND 43,PRODUCT 712,817,978,0.197062424
BRAND 43,PRODUCT 713,1389,1805,0.29949604
BRAND 43,PRODUCT 714,143,341,1.384615385
BRAND 43,PRODUCT 715,2309,2737,0.185361628
BRAND 43,PRODUCT 716,1078,1518,0.408163265
BRAND 43,PRODUCT 717,315,402,0.276190476
BRAND 43,PRODUCT 718,223,3,-0.986547085
BRAND 43,PRODUCT 719,205,2,-0.990243902
BRAND 43,PRODUCT 720,1875,981,-0.4768
BRAND 43,PRODUCT 721,2112,1048,-0.503787879
BRAND 43,PRODUCT 722,1880,658,-0.65
BRAND 43,PRODUCT 723,1523,6,-0.996060407
BRAND 43,PRODUCT 724,2242,1537,-0.314451383
BRAND 43,PRODUCT 725,1377,10,-0.992737836
BRAND 43,PRODUCT 726,0,6945,#DIV/0!
BRAND 43,PRODUCT 727,5561,9,-0.998381586
BRAND 43,PRODUCT 728,764,4,-0.994764398
BRAND 43,PRODUCT 729,776,16,-0.979381443
BRAND 43,PRODUCT 730,1495,10,-0.993311037
BRAND 43,PRODUCT 731,1074,11,-0.989757914
BRAND 43,PRODUCT 732,2051,12,-0.994149196
BRAND 43,PRODUCT 733,2169,6,-0.997233748
BRAND 43,PRODUCT 734,1307,11,-0.99158378
BRAND 43,PRODUCT 735,0,3910,#DIV/0!
BRAND 43,PRODUCT 736,6928,1,-0.999855658
BRAND 43,PRODUCT 737,416,8,-0.980769231
BRAND 43,PRODUCT 738,0,2175,#DIV/0!
BRAND 43,PRODUCT 739,0,3870,#DIV/0!
BRAND 43,PRODUCT 740,0,3010,#DIV/0!
BRAND 43,PRODUCT 741,0,2528,#DIV/0!
BRAND 43,PRODUCT 742,2126,3,-0.998588899
BRAND 43,PRODUCT 743,1471,822,-0.441196465
BRAND 43,PRODUCT 744,8283,7956,-0.03947845
BRAND 43,PRODUCT 745,9781,6928,-0.291687966
BRAND 43,PRODUCT 746,5031,4154,-0.174319221
BRAND 43,PRODUCT 747,4746,4481,-0.055836494
BRAND 43,PRODUCT 748,6965,39,-0.994400574
BRAND 43,PRODUCT 749,7080,6707,-0.052683616
BRAND 43,PRODUCT 750,4378,1,-0.999771585
BRAND 43,PRODUCT 751,3930,6892,0.753689567
BRAND 43,PRODUCT 752,0,4783,#DIV/0!
BRAND 43,PRODUCT 753,0,525,#DIV/0!
BRAND 43,PRODUCT 754,3193,3245,0.016285625
BRAND 43,PRODUCT 755,0,830,#DIV/0!
BRAND 43,PRODUCT 756,0,6091,#DIV/0!
BRAND 43,PRODUCT 757,317,1,-0.996845426
BRAND 43,PRODUCT 758,2455,4153,0.691649695
BRAND 43,PRODUCT 759,1865,1032,-0.446648794
BRAND 43,PRODUCT 760,827,2,-0.99758162
BRAND 43,PRODUCT 761,0,510,#DIV/0!
BRAND 43,PRODUCT 762,1043,0,-1
BRAND 43,PRODUCT 763,10801,0,-1
BRAND 43,PRODUCT 764,7179,0,-1
BRAND 43,PRODUCT 765,7981,0,-1
BRAND 43,PRODUCT 766,4468,0,-1
BRAND 43,PRODUCT 767,5415,0,-1
BRAND 43,PRODUCT 768,9634,0,-1
BRAND 43,PRODUCT 769,4954,0,-1
BRAND 43,PRODUCT 770,4853,0,-1
BRAND 43,PRODUCT 771,4920,0,-1
BRAND 43,PRODUCT 772,6034,0,-1
BRAND 43,PRODUCT 773,2,0,-1
BRAND 43,PRODUCT 774,6,0,-1
BRAND 43,PRODUCT 775,8,0,-1
BRAND 44,PRODUCT 776,1,1,0
BRAND 45,PRODUCT 777,4722,4340,-0.080897925
BRAND 45,PRODUCT 778,22404,20997,-0.062801285
BRAND 45,PRODUCT 779,6142,4442,-0.276782807
BRAND 45,PRODUCT 780,10928,7407,-0.322199854
BRAND 46,PRODUCT 781,533,49,-0.908067542
BRAND 46,PRODUCT 782,201,59,-0.706467662
BRAND 46,PRODUCT 783,200,208,0.04
BRAND 46,PRODUCT 784,92,31,-0.663043478
BRAND 46,PRODUCT 785,2281,1586,-0.304690925
BRAND 47,PRODUCT 786,4022,4463,0.109646942
BRAND 47,PRODUCT 787,5446,5733,0.052699229
BRAND 47,PRODUCT 788,0,3046,#DIV/0!
BRAND 47,PRODUCT 789,5490,4661,-0.151001821
BRAND 47,PRODUCT 790,6863,6805,-0.008451115
BRAND 47,PRODUCT 791,0,1679,#DIV/0!
BRAND 47,PRODUCT 792,3106,4412,0.420476497
BRAND 47,PRODUCT 793,0,1631,#DIV/0!
BRAND 47,PRODUCT 794,4489,4909,0.093562041
BRAND 47,PRODUCT 795,5561,4722,-0.150872145
BRAND 47,PRODUCT 796,10133,8808,-0.13076088
BRAND 47,PRODUCT 797,3478,3261,-0.062392179
BRAND 47,PRODUCT 798,8,0,-1
BRAND 47,PRODUCT 799,2679,0,-1
BRAND 47,PRODUCT 800,3,0,-1
BRAND 47,PRODUCT 801,16,0,-1
BRAND 48,PRODUCT 802,573,2,-0.996509599
BRAND 48,PRODUCT 803,0,1110,#DIV/0!
BRAND 48,PRODUCT 804,0,1489,#DIV/0!
BRAND 48,PRODUCT 805,0,1517,#DIV/0!
BRAND 48,PRODUCT 806,3555,4284,0.205063291
BRAND 48,PRODUCT 807,2980,3088,0.036241611
BRAND 48,PRODUCT 808,1374,1228,-0.106259098
BRAND 48,PRODUCT 809,1933,1650,-0.146404553
BRAND 48,PRODUCT 810,1379,1348,-0.022480058
BRAND 48,PRODUCT 811,803,1,-0.99875467
BRAND 48,PRODUCT 812,1983,2038,0.027735754
BRAND 48,PRODUCT 813,3671,3525,-0.03977118
BRAND 48,PRODUCT 814,3137,3552,0.132291999
BRAND 48,PRODUCT 815,1806,1997,0.105758583
BRAND 48,PRODUCT 816,1594,1602,0.005018821
BRAND 48,PRODUCT 817,0,1557,#DIV/0!
BRAND 48,PRODUCT 818,878,1,-0.998861048
BRAND 48,PRODUCT 819,3,0,-1
BRAND 48,PRODUCT 820,1109,0,-1
BRAND 48,PRODUCT 821,1102,0,-1
BRAND 48,PRODUCT 822,1048,0,-1
BRAND 48,PRODUCT 823,1333,0,-1
BRAND 48,PRODUCT 824,636,0,-1
BRAND 49,PRODUCT 825,3786,3150,-0.167987322
BRAND 49,PRODUCT 826,6528,6512,-0.00245098
BRAND 49,PRODUCT 827,1726,1297,-0.248551564
BRAND 49,PRODUCT 828,688,444,-0.354651163
BRAND 49,PRODUCT 829,832,859,0.032451923
BRAND 49,PRODUCT 830,13821,12425,-0.101005716
BRAND 49,PRODUCT 831,11691,10579,-0.095115901
BRAND 49,PRODUCT 832,2333,1603,-0.312901843
BRAND 49,PRODUCT 833,0,339,#DIV/0!
BRAND 49,PRODUCT 834,4418,4115,-0.068583069
BRAND 49,PRODUCT 835,3151,3104,-0.0149159
BRAND 50,PRODUCT 836,35,12,-0.657142857
BRAND 50,PRODUCT 837,105,111,0.057142857
BRAND 50,PRODUCT 838,7817,7337,-0.061404631
BRAND 50,PRODUCT 839,11412,9262,-0.188398177
BRAND 50,PRODUCT 840,16,0,-1
BRAND 50,PRODUCT 841,315,0,-1
BRAND 51,PRODUCT 842,10,4,-0.6
BRAND 52,PRODUCT 843,2746,1294,-0.528769119
BRAND 52,PRODUCT 844,1356,1010,-0.255162242
BRAND 52,PRODUCT 845,4245,2153,-0.492815077
BRAND 53,PRODUCT 846,0,234,#DIV/0!
BRAND 53,PRODUCT 847,1137,572,-0.496921724
BRAND 54,PRODUCT 848,2213,1423,-0.356981473
BRAND 55,PRODUCT 849,1127,2082,0.847382431
BRAND 55,PRODUCT 850,2756,3188,0.156748911
BRAND 55,PRODUCT 851,949,774,-0.184404636
BRAND 55,PRODUCT 852,820,1248,0.52195122
BRAND 56,PRODUCT 853,305,812,1.662295082
BRAND 56,PRODUCT 854,1071,1042,-0.027077498
BRAND 56,PRODUCT 855,181,177,-0.022099448
BRAND 56,PRODUCT 856,0,450,#DIV/0!
BRAND 56,PRODUCT 857,1145,1124,-0.018340611
BRAND 56,PRODUCT 858,918,1101,0.199346405
BRAND 56,PRODUCT 859,1057,1257,0.189214759
BRAND 56,PRODUCT 860,1403,1894,0.349964362
BRAND 56,PRODUCT 861,120,6,-0.95
BRAND 56,PRODUCT 862,248,594,1.39516129
BRAND 56,PRODUCT 863,320,0,-1
BRAND 57,PRODUCT 864,48515,51139,0.054086365
BRAND 57,PRODUCT 865,15139,14324,-0.053834467
BRAND 57,PRODUCT 866,22283,19812,-0.110891711
BRAND 57,PRODUCT 867,11629,10450,-0.10138447
BRAND 57,PRODUCT 868,4472,9,-0.997987478
BRAND 57,PRODUCT 869,0,5814,#DIV/0!
BRAND 57,PRODUCT 870,0,5547,#DIV/0!
BRAND 58,PRODUCT 871,23213,23266,0.002283203
BRAND 58,PRODUCT 872,11775,12785,0.085774947
BRAND 58,PRODUCT 873,48272,50981,0.05611949
BRAND 58,PRODUCT 874,4492,125,-0.972172752
BRAND 59,PRODUCT 875,244,13,-0.946721311
BRAND 59,PRODUCT 876,17,9,-0.470588235
BRAND 59,PRODUCT 877,159,7,-0.955974843
BRAND 59,PRODUCT 878,17,4,-0.764705882
BRAND 59,PRODUCT 879,25,1,-0.96
BRAND 59,PRODUCT 880,14,0,-1
BRAND 59,PRODUCT 881,38,0,-1
BRAND 59,PRODUCT 882,6,0,-1
BRAND 60,PRODUCT 883,1610,2033,0.262732919
BRAND 60,PRODUCT 884,217,158,-0.271889401
BRAND 60,PRODUCT 885,266,1255,3.718045113
BRAND 60,PRODUCT 886,98,812,7.285714286
BRAND 60,PRODUCT 887,673,1981,1.943536404
BRAND 60,PRODUCT 888,212,1770,7.349056604
BRAND 60,PRODUCT 889,28789,34229,0.188961062
BRAND 60,PRODUCT 890,9729,11011,0.131770994
BRAND 60,PRODUCT 891,437,68,-0.844393593
BRAND 60,PRODUCT 892,1053,780,-0.259259259
BRAND 60,PRODUCT 893,541,390,-0.279112754
BRAND 60,PRODUCT 894,18,4,-0.777777778
BRAND 60,PRODUCT 895,9,14,0.555555556
BRAND 60,PRODUCT 896,16,1,-0.9375
BRAND 60,PRODUCT 897,60,35,-0.416666667
BRAND 60,PRODUCT 898,33,14,-0.575757576
BRAND 60,PRODUCT 899,24,8,-0.666666667
BRAND 60,PRODUCT 900,51,24,-0.529411765
BRAND 60,PRODUCT 901,5,35,6
BRAND 60,PRODUCT 902,2,64,31
BRAND 60,PRODUCT 903,69,0,-1
BRAND 60,PRODUCT 904,32,0,-1
BRAND 60,PRODUCT 905,1,0,-1
BRAND 60,PRODUCT 906,12,0,-1
BRAND 61,PRODUCT 907,3438,3254,-0.053519488
BRAND 61,PRODUCT 908,9699,10098,0.041138262
BRAND 61,PRODUCT 909,5094,5471,0.074008638
BRAND 61,PRODUCT 910,3572,3,-0.999160134
BRAND 61,PRODUCT 911,5310,6579,0.238983051
BRAND 61,PRODUCT 912,0,886,#DIV/0!
BRAND 61,PRODUCT 913,1904,0,-1
BRAND 61,PRODUCT 914,165,0,-1
BRAND 61,PRODUCT 915,16,0,-1
BRAND 61,PRODUCT 916,2964,0,-1
BRAND 61,PRODUCT 917,5,0,-1
BRAND 62,PRODUCT 918,14626,14651,0.001709285
BRAND 62,PRODUCT 919,17451,16116,-0.076499914
BRAND 62,PRODUCT 920,9416,9278,-0.014655905
BRAND 62,PRODUCT 921,9603,9179,-0.044152869
BRAND 62,PRODUCT 922,8124,6193,-0.237690793
BRAND 62,PRODUCT 923,3780,3444,-0.088888889
BRAND 62,PRODUCT 924,2926,2500,-0.145591251
BRAND 62,PRODUCT 925,16524,15014,-0.091382232
BRAND 62,PRODUCT 926,8491,8911,0.049464138
BRAND 62,PRODUCT 927,1037,1045,0.007714561
BRAND 62,PRODUCT 928,2128,1894,-0.109962406
BRAND 62,PRODUCT 929,1430,1503,0.051048951
BRAND 62,PRODUCT 930,0,1510,#DIV/0!
BRAND 62,PRODUCT 931,1832,2136,0.165938865
BRAND 63,PRODUCT 932,2427,1942,-0.199835187
BRAND 63,PRODUCT 933,233,188,-0.193133047
BRAND 63,PRODUCT 934,35,21,-0.4
BRAND 63,PRODUCT 935,88,15,-0.829545455
BRAND 63,PRODUCT 936,2276,2492,0.094903339
BRAND 63,PRODUCT 937,141,191,0.354609929
BRAND 63,PRODUCT 938,1323,1011,-0.235827664
BRAND 63,PRODUCT 939,244,244,0
BRAND 63,PRODUCT 940,1813,1036,-0.428571429
BRAND 63,PRODUCT 941,146,100,-0.315068493
BRAND 63,PRODUCT 942,1873,1866,-0.00373732
BRAND 63,PRODUCT 943,7135,5190,-0.27259986
BRAND 63,PRODUCT 944,1159,1004,-0.133735979
BRAND 63,PRODUCT 945,3519,2059,-0.414890594
BRAND 63,PRODUCT 946,6574,5055,-0.231061758
BRAND 63,PRODUCT 947,6107,4533,-0.257737023
BRAND 63,PRODUCT 948,8093,5231,-0.353638947
BRAND 63,PRODUCT 949,438,449,0.025114155
BRAND 63,PRODUCT 950,3001,2502,-0.166277907
BRAND 63,PRODUCT 951,4348,3303,-0.240340386
BRAND 63,PRODUCT 952,1168,1461,0.250856164
BRAND 63,PRODUCT 953,6496,3220,-0.504310345
BRAND 63,PRODUCT 954,0,320,#DIV/0!
BRAND 63,PRODUCT 955,1784,1758,-0.014573991
BRAND 63,PRODUCT 956,13885,9601,-0.30853439
BRAND 63,PRODUCT 957,146,147,0.006849315
BRAND 63,PRODUCT 958,771,874,0.133592737
BRAND 63,PRODUCT 959,587,456,-0.223168654
BRAND 63,PRODUCT 960,30,4,-0.866666667
BRAND 63,PRODUCT 961,345,205,-0.405797101
BRAND 63,PRODUCT 962,2375,1979,-0.166736842
BRAND 63,PRODUCT 963,116,60,-0.482758621
BRAND 63,PRODUCT 964,60,56,-0.066666667
BRAND 63,PRODUCT 965,1609,1132,-0.296457427
BRAND 63,PRODUCT 966,1737,1194,-0.312607945
BRAND 63,PRODUCT 967,9,11,0.222222222
BRAND 63,PRODUCT 968,786,500,-0.363867684
BRAND 63,PRODUCT 969,176,611,2.471590909
BRAND 63,PRODUCT 970,540,1601,1.964814815
BRAND 63,PRODUCT 971,1404,1327,-0.054843305
BRAND 63,PRODUCT 972,413,1296,2.138014528
BRAND 63,PRODUCT 973,350,889,1.54
BRAND 63,PRODUCT 974,524,1639,2.127862595
BRAND 63,PRODUCT 975,29,20,-0.310344828
BRAND 63,PRODUCT 976,423,313,-0.260047281
BRAND 63,PRODUCT 977,170,28,-0.835294118
BRAND 63,PRODUCT 978,0,15,#DIV/0!
BRAND 63,PRODUCT 979,523,593,0.133843212
BRAND 63,PRODUCT 980,208,338,0.625
BRAND 63,PRODUCT 981,201,0,-1
BRAND 63,PRODUCT 982,216,0,-1
BRAND 63,PRODUCT 983,3,0,-1
BRAND 63,PRODUCT 984,452,0,-1
BRAND 63,PRODUCT 985,159,0,-1
BRAND 63,PRODUCT 986,9,0,-1
BRAND 63,PRODUCT 987,208,0,-1
BRAND 64,PRODUCT 988,0,6981,#DIV/0!
BRAND 64,PRODUCT 989,0,5131,#DIV/0!
BRAND 64,PRODUCT 990,0,5569,#DIV/0!
BRAND 64,PRODUCT 991,0,3072,#DIV/0!
BRAND 64,PRODUCT 992,0,5817,#DIV/0!
BRAND 64,PRODUCT 993,0,12663,#DIV/0!
BRAND 64,PRODUCT 994,0,9673,#DIV/0!
BRAND 64,PRODUCT 995,0,15873,#DIV/0!
BRAND 64,PRODUCT 996,10066,10263,0.019570833
BRAND 64,PRODUCT 997,730,772,0.057534247
BRAND 64,PRODUCT 998,823,855,0.038882139
BRAND 64,PRODUCT 999,9877,6,-0.999392528
BRAND 64,PRODUCT 1000,17662,24,-0.99864115
BRAND 64,PRODUCT 1001,12763,67,-0.994750451
BRAND 64,PRODUCT 1002,5183,8,-0.998456492
BRAND 64,PRODUCT 1003,3097,2,-0.999354214
BRAND 64,PRODUCT 1004,6659,10,-0.998498273
BRAND 64,PRODUCT 1005,4999,0,-1
BRAND 64,PRODUCT 1006,5963,0,-1
BRAND 65,PRODUCT 1007,4,2,-0.5
BRAND 65,PRODUCT 1008,17,887,51.17647059
BRAND 65,PRODUCT 1009,1935,1577,-0.18501292
BRAND 65,PRODUCT 1010,2220,2132,-0.03963964
BRAND 65,PRODUCT 1011,1496,1694,0.132352941
BRAND 65,PRODUCT 1012,1217,1249,0.026294166
BRAND 65,PRODUCT 1013,1178,1308,0.110356537
BRAND 65,PRODUCT 1014,2943,2630,-0.10635406
BRAND 65,PRODUCT 1015,2809,2611,-0.070487718
BRAND 65,PRODUCT 1016,758,944,0.245382586
BRAND 65,PRODUCT 1017,517,20,-0.96131528
BRAND 65,PRODUCT 1018,982,911,-0.072301426
BRAND 65,PRODUCT 1019,1388,1332,-0.040345821
BRAND 65,PRODUCT 1020,1735,1476,-0.149279539
BRAND 65,PRODUCT 1021,1065,965,-0.093896714
BRAND 65,PRODUCT 1022,853,1072,0.256740914
BRAND 65,PRODUCT 1023,750,6,-0.992
BRAND 65,PRODUCT 1024,2256,2645,0.172429078
BRAND 65,PRODUCT 1025,594,2,-0.996632997
BRAND 65,PRODUCT 1026,1159,1200,0.035375324
BRAND 65,PRODUCT 1027,1646,1668,0.013365735
BRAND 65,PRODUCT 1028,446,9,-0.979820628
BRAND 65,PRODUCT 1029,46,33,-0.282608696
BRAND 65,PRODUCT 1030,21,5,-0.761904762
BRAND 65,PRODUCT 1031,1,580,579
BRAND 65,PRODUCT 1032,104,6,-0.942307692
BRAND 65,PRODUCT 1033,17,9,-0.470588235
BRAND 65,PRODUCT 1034,23,17,-0.260869565
BRAND 65,PRODUCT 1035,21,3,-0.857142857
BRAND 65,PRODUCT 1036,2,0,-1
BRAND 65,PRODUCT 1037,16,0,-1
BRAND 65,PRODUCT 1038,320,0,-1
BRAND 65,PRODUCT 1039,6,0,-1
BRAND 65,PRODUCT 1040,258,0,-1
BRAND 65,PRODUCT 1041,358,0,-1
BRAND 65,PRODUCT 1042,266,0,-1
BRAND 65,PRODUCT 1043,185,0,-1
BRAND 66,PRODUCT 1044,48,6,-0.875
BRAND 66,PRODUCT 1045,40,83,1.075
BRAND 66,PRODUCT 1046,93,146,0.569892473
BRAND 66,PRODUCT 1047,1057,1278,0.209082308
BRAND 66,PRODUCT 1048,1116,920,-0.17562724
BRAND 66,PRODUCT 1049,54,39,-0.277777778
BRAND 66,PRODUCT 1050,369,232,-0.371273713
BRAND 66,PRODUCT 1051,0,22,#DIV/0!
BRAND 66,PRODUCT 1052,126,99,-0.214285714
BRAND 66,PRODUCT 1053,56,34,-0.392857143
BRAND 66,PRODUCT 1054,515,449,-0.12815534
BRAND 66,PRODUCT 1055,1145,1218,0.063755459
BRAND 66,PRODUCT 1056,182,9,-0.950549451
BRAND 66,PRODUCT 1057,137,110,-0.197080292
BRAND 66,PRODUCT 1058,265,215,-0.188679245
BRAND 66,PRODUCT 1059,376,360,-0.042553191
BRAND 66,PRODUCT 1060,120,34,-0.716666667
BRAND 66,PRODUCT 1061,50,31,-0.38
BRAND 66,PRODUCT 1062,2190,2082,-0.049315068
BRAND 66,PRODUCT 1063,8,1,-0.875
BRAND 66,PRODUCT 1064,348,75,-0.784482759
BRAND 66,PRODUCT 1065,0,3,#DIV/0!
BRAND 66,PRODUCT 1066,418,368,-0.119617225
BRAND 66,PRODUCT 1067,42,17,-0.595238095
BRAND 66,PRODUCT 1068,128,135,0.0546875
BRAND 66,PRODUCT 1069,52,1,-0.980769231
BRAND 66,PRODUCT 1070,5528,5684,0.028219971
BRAND 66,PRODUCT 1071,47,94,1
BRAND 66,PRODUCT 1072,1600,2161,0.350625
BRAND 66,PRODUCT 1073,1024,4493,3.387695313
BRAND 66,PRODUCT 1074,4458,5705,0.279721848
BRAND 66,PRODUCT 1075,21,23,0.095238095
BRAND 66,PRODUCT 1076,54,50,-0.074074074
BRAND 66,PRODUCT 1077,127,4,-0.968503937
BRAND 66,PRODUCT 1078,100,2,-0.98
BRAND 66,PRODUCT 1079,26,18,-0.307692308
BRAND 66,PRODUCT 1080,0,21,#DIV/0!
BRAND 66,PRODUCT 1081,37,6,-0.837837838
BRAND 66,PRODUCT 1082,23,6,-0.739130435
BRAND 66,PRODUCT 1083,32,15,-0.53125
BRAND 66,PRODUCT 1084,4,256,63
BRAND 66,PRODUCT 1085,34,72,1.117647059
BRAND 66,PRODUCT 1086,12,26,1.166666667
BRAND 66,PRODUCT 1087,414,251,-0.393719807
BRAND 66,PRODUCT 1088,1765,1335,-0.243626062
BRAND 66,PRODUCT 1089,438,324,-0.260273973
BRAND 66,PRODUCT 1090,73,0,-1
BRAND 66,PRODUCT 1091,50,0,-1
BRAND 66,PRODUCT 1092,3,0,-1
BRAND 66,PRODUCT 1093,1,0,-1
BRAND 66,PRODUCT 1094,28,0,-1
BRAND 66,PRODUCT 1095,158,0,-1
BRAND 66,PRODUCT 1096,32,0,-1
BRAND 66,PRODUCT 1097,2,0,-1
BRAND 66,PRODUCT 1098,7,0,-1
BRAND 67,PRODUCT 1099,18,8,-0.555555556
BRAND 67,PRODUCT 1100,3968,0,-1
BRAND 68,PRODUCT 1101,1455,1920,0.319587629
BRAND 68,PRODUCT 1102,5551,5442,-0.019636102
BRAND 68,PRODUCT 1103,1801,1980,0.099389228
BRAND 68,PRODUCT 1104,5925,4823,-0.185991561
BRAND 68,PRODUCT 1105,3826,3770,-0.014636696
BRAND 68,PRODUCT 1106,97,121,0.24742268
BRAND 68,PRODUCT 1107,76,428,4.631578947
BRAND 68,PRODUCT 1108,1632,0,-1
BRAND 68,PRODUCT 1109,1192,0,-1
BRAND 68,PRODUCT 1110,1259,0,-1
BRAND 69,PRODUCT 1111,0,663,#DIV/0!
BRAND 69,PRODUCT 1112,0,1455,#DIV/0!
BRAND 69,PRODUCT 1113,4236,3376,-0.203021719
BRAND 69,PRODUCT 1114,0,1547,#DIV/0!
BRAND 69,PRODUCT 1115,0,934,#DIV/0!
BRAND 69,PRODUCT 1116,0,539,#DIV/0!
BRAND 69,PRODUCT 1117,4848,5701,0.175948845
BRAND 69,PRODUCT 1118,5323,4755,-0.106706744
BRAND 69,PRODUCT 1119,4388,5285,0.204421149
BRAND 69,PRODUCT 1120,5106,6050,0.184880533
BRAND 69,PRODUCT 1121,5422,6135,0.131501291
BRAND 69,PRODUCT 1122,3018,3220,0.066931743
BRAND 69,PRODUCT 1123,11161,8321,-0.254457486
BRAND 69,PRODUCT 1124,3999,5895,0.47411853
BRAND 69,PRODUCT 1125,11874,14053,0.18351019
BRAND 69,PRODUCT 1126,4469,5405,0.209442828
BRAND 69,PRODUCT 1127,4262,6606,0.549976537
BRAND 69,PRODUCT 1128,9060,9036,-0.002649007
BRAND 69,PRODUCT 1129,9042,11251,0.244304357
BRAND 69,PRODUCT 1130,5690,7221,0.269068541
BRAND 69,PRODUCT 1131,5173,6130,0.184999033
BRAND 69,PRODUCT 1132,5485,7402,0.349498633
BRAND 69,PRODUCT 1133,4595,4605,0.002176279
BRAND 69,PRODUCT 1134,6335,8638,0.363535912
BRAND 69,PRODUCT 1135,13483,12851,-0.046873841
BRAND 69,PRODUCT 1136,4074,5078,0.246440844
BRAND 69,PRODUCT 1137,12733,14756,0.158878505
BRAND 69,PRODUCT 1138,4545,3189,-0.298349835
BRAND 69,PRODUCT 1139,7456,8176,0.096566524
BRAND 69,PRODUCT 1140,5965,5016,-0.159094719
BRAND 69,PRODUCT 1141,3324,4427,0.331829122
BRAND 69,PRODUCT 1142,2987,4591,0.536993639
BRAND 69,PRODUCT 1143,438,0,-1
BRAND 69,PRODUCT 1144,3,0,-1
BRAND 69,PRODUCT 1145,1556,0,-1
BRAND 69,PRODUCT 1146,24,0,-1
BRAND 70,PRODUCT 1147,1623,3338,1.056685151
BRAND 70,PRODUCT 1148,1581,3025,0.913345984
BRAND 71,PRODUCT 1149,294,0,-1
BRAND 71,PRODUCT 1150,481,0,-1
BRAND 71,PRODUCT 1151,728,0,-1
BRAND 71,PRODUCT 1152,350,0,-1
BRAND 72,PRODUCT 1153,3479,2698,-0.224489796
BRAND 72,PRODUCT 1154,2938,2690,-0.084411164
BRAND 72,PRODUCT 1155,6228,6891,0.106454721
BRAND 72,PRODUCT 1156,4953,4856,-0.01958409
BRAND 72,PRODUCT 1157,12276,11626,-0.052948843
BRAND 72,PRODUCT 1158,2348,1986,-0.154173765
BRAND 72,PRODUCT 1159,4581,3797,-0.171141672
BRAND 72,PRODUCT 1160,3953,3503,-0.113837592
BRAND 72,PRODUCT 1161,11619,11206,-0.035545228
BRAND 72,PRODUCT 1162,3948,3534,-0.104863222
BRAND 72,PRODUCT 1163,6314,6203,-0.017579981
BRAND 72,PRODUCT 1164,5058,3416,-0.324634243
BRAND 72,PRODUCT 1165,2,1,-0.5
BRAND 72,PRODUCT 1166,5687,5193,-0.086864779
BRAND 72,PRODUCT 1167,3332,3074,-0.077430972
BRAND 72,PRODUCT 1168,3244,2385,-0.264796547
BRAND 72,PRODUCT 1169,4669,4398,-0.058042407
BRAND 72,PRODUCT 1170,2485,2554,0.0277666
BRAND 72,PRODUCT 1171,4122,4220,0.023774867
BRAND 72,PRODUCT 1172,5439,4156,-0.23588895
BRAND 72,PRODUCT 1173,0,2607,#DIV/0!
BRAND 72,PRODUCT 1174,0,1777,#DIV/0!
BRAND 72,PRODUCT 1175,0,1360,#DIV/0!
BRAND 72,PRODUCT 1176,0,1366,#DIV/0!
BRAND 72,PRODUCT 1177,0,2465,#DIV/0!
BRAND 72,PRODUCT 1178,1156,1,-0.999134948
BRAND 72,PRODUCT 1179,355,0,-1
BRAND 72,PRODUCT 1180,1336,0,-1
BRAND 72,PRODUCT 1181,1256,0,-1
BRAND 72,PRODUCT 1182,1242,0,-1
BRAND 72,PRODUCT 1183,1671,0,-1
BRAND 73,PRODUCT 1184,2189,1967,-0.101416172